addAdmin,revokeAdmin,bulkMintFRT,singleMintFRT,balanceOf,transfer,bulkMintSBT,singleMintSBT,getTokensOwned,tokenURISBT
414,400,526,454,209,491,440,395,70,64
595,479,1185,389,201,401,1587,819,66,92
604,420,578,531,209,423,844,897,63,60
669,391,616,596,97,390,597,406,60,62
542,393,550,585,425,863,561,405,375,99
809,553,585,510,96,405,736,547,257,62
691,940,527,581,76,406,860,628,210,73
584,407,523,727,72,424,665,484,261,85
475,396,588,394,85,410,666,545,242,66
595,397,550,411,72,400,1025,582,285,85
1308,608,599,1455,70,406,802,511,330,81
544,641,748,1278,247,509,419,375,73,96
487,364,626,553,175,415,398,382,64,
505,715,476,488,90,500,795,365,215,69
478,859,733,1216,280,432,398,407,64,60
883,482,486,673,289,,601,380,78,301
1222,564,1544,,192,,686,819,66,71
1345,1177,,,,,1064,572,236,97
690,379,,,,,1966,,67,146
,494,,,,,,,60,
,625,,,,,,,404,72
,,,,,,,,68,